file	format	type	num_seqs	sum_len	min_len	avg_len	max_len
tmp_1_depth10000000_spike0.00000_Akkermansia_muciniphila.fasta_R1.fq	FASTQ	DNA	476,190	71,428,500	150	150	150
tmp_1_depth10000000_spike0.00000_Akkermansia_muciniphila.fasta_R2.fq	FASTQ	DNA	476,190	71,428,500	150	150	150
tmp_1_depth10000000_spike0.00000_Bacteroides_fragilis.fasta_R1.fq	FASTQ	DNA	476,190	71,428,500	150	150	150
tmp_1_depth10000000_spike0.00000_Bacteroides_fragilis.fasta_R2.fq	FASTQ	DNA	476,190	71,428,500	150	150	150
tmp_1_depth10000000_spike0.00000_Bifidobacterium_adolescentis.fasta_R1.fq	FASTQ	DNA	476,136	71,420,400	150	150	150
tmp_1_depth10000000_spike0.00000_Bifidobacterium_adolescentis.fasta_R2.fq	FASTQ	DNA	476,136	71,420,400	150	150	150
tmp_1_depth10000000_spike0.00000_Candida_albican.fasta_R1.fq	FASTQ	DNA	466,758	70,013,700	150	150	150
tmp_1_depth10000000_spike0.00000_Candida_albican.fasta_R2.fq	FASTQ	DNA	466,758	70,013,700	150	150	150
tmp_1_depth10000000_spike0.00000_Clostridioides_difficile.fasta_R1.fq	FASTQ	DNA	476,190	71,428,500	150	150	150
tmp_1_depth10000000_spike0.00000_Clostridioides_difficile.fasta_R2.fq	FASTQ	DNA	476,190	71,428,500	150	150	150
tmp_1_depth10000000_spike0.00000_Clostridium_perfringens.fasta_R1.fq	FASTQ	DNA	476,190	71,428,500	150	150	150
tmp_1_depth10000000_spike0.00000_Clostridium_perfringens.fasta_R2.fq	FASTQ	DNA	476,190	71,428,500	150	150	150
tmp_1_depth10000000_spike0.00000_Enterococcus_faecalis.fasta_R1.fq	FASTQ	DNA	476,096	71,414,400	150	150	150
tmp_1_depth10000000_spike0.00000_Enterococcus_faecalis.fasta_R2.fq	FASTQ	DNA	476,096	71,414,400	150	150	150
tmp_1_depth10000000_spike0.00000_Escherichia_coli_B1109.fasta_R1.fq	FASTQ	DNA	476,190	71,428,500	150	150	150
tmp_1_depth10000000_spike0.00000_Escherichia_coli_B1109.fasta_R2.fq	FASTQ	DNA	476,190	71,428,500	150	150	150
tmp_1_depth10000000_spike0.00000_Escherichia_coli_B3008.fasta_R1.fq	FASTQ	DNA	476,190	71,428,500	150	150	150
tmp_1_depth10000000_spike0.00000_Escherichia_coli_B3008.fasta_R2.fq	FASTQ	DNA	476,190	71,428,500	150	150	150
tmp_1_depth10000000_spike0.00000_Escherichia_coli_B766.fasta_R1.fq	FASTQ	DNA	476,190	71,428,500	150	150	150
tmp_1_depth10000000_spike0.00000_Escherichia_coli_B766.fasta_R2.fq	FASTQ	DNA	476,190	71,428,500	150	150	150
tmp_1_depth10000000_spike0.00000_Escherichia_coli_JM109.fasta_R1.fq	FASTQ	DNA	476,190	71,428,500	150	150	150
tmp_1_depth10000000_spike0.00000_Escherichia_coli_JM109.fasta_R2.fq	FASTQ	DNA	476,190	71,428,500	150	150	150
tmp_1_depth10000000_spike0.00000_Escherichia_coli_b2207.fasta_R1.fq	FASTQ	DNA	476,190	71,428,500	150	150	150
tmp_1_depth10000000_spike0.00000_Escherichia_coli_b2207.fasta_R2.fq	FASTQ	DNA	476,190	71,428,500	150	150	150
tmp_1_depth10000000_spike0.00000_Faecalibacterium_prausnitzii.fasta_R1.fq	FASTQ	DNA	476,190	71,428,500	150	150	150
tmp_1_depth10000000_spike0.00000_Faecalibacterium_prausnitzii.fasta_R2.fq	FASTQ	DNA	476,190	71,428,500	150	150	150
tmp_1_depth10000000_spike0.00000_Fusobacterium_nucleatum.fasta_R1.fq	FASTQ	DNA	476,190	71,428,500	150	150	150
tmp_1_depth10000000_spike0.00000_Fusobacterium_nucleatum.fasta_R2.fq	FASTQ	DNA	476,190	71,428,500	150	150	150
tmp_1_depth10000000_spike0.00000_Lactobacillus_fermentum.fasta_R1.fq	FASTQ	DNA	476,190	71,428,500	150	150	150
tmp_1_depth10000000_spike0.00000_Lactobacillus_fermentum.fasta_R2.fq	FASTQ	DNA	476,190	71,428,500	150	150	150
tmp_1_depth10000000_spike0.00000_Methanobrevibacter_smithii.fasta_R1.fq	FASTQ	DNA	476,190	71,428,500	150	150	150
tmp_1_depth10000000_spike0.00000_Methanobrevibacter_smithii.fasta_R2.fq	FASTQ	DNA	476,190	71,428,500	150	150	150
tmp_1_depth10000000_spike0.00000_Prevotella_corporis.fasta_R1.fq	FASTQ	DNA	476,190	71,428,500	150	150	150
tmp_1_depth10000000_spike0.00000_Prevotella_corporis.fasta_R2.fq	FASTQ	DNA	476,190	71,428,500	150	150	150
tmp_1_depth10000000_spike0.00000_Roseburia_hominis.fasta_R1.fq	FASTQ	DNA	476,190	71,428,500	150	150	150
tmp_1_depth10000000_spike0.00000_Roseburia_hominis.fasta_R2.fq	FASTQ	DNA	476,190	71,428,500	150	150	150
tmp_1_depth10000000_spike0.00000_Saccharomyces_cerevisiae.fasta_R1.fq	FASTQ	DNA	476,190	71,428,500	150	150	150
tmp_1_depth10000000_spike0.00000_Saccharomyces_cerevisiae.fasta_R2.fq	FASTQ	DNA	476,190	71,428,500	150	150	150
tmp_1_depth10000000_spike0.00000_Salmonella_enterica.fasta_R1.fq	FASTQ	DNA	476,190	71,428,500	150	150	150
tmp_1_depth10000000_spike0.00000_Salmonella_enterica.fasta_R2.fq	FASTQ	DNA	476,190	71,428,500	150	150	150
tmp_1_depth10000000_spike0.00000_Veillonella_rogosae.fasta_R1.fq	FASTQ	DNA	476,190	71,428,500	150	150	150
tmp_1_depth10000000_spike0.00000_Veillonella_rogosae.fasta_R2.fq	FASTQ	DNA	476,190	71,428,500	150	150	150
1_depth10000000_spike0.00000_R1.fastq.gz	FASTQ	DNA	9,990,410	1,498,561,500	150	150	150
1_depth10000000_spike0.00000_R2.fastq.gz	FASTQ	DNA	9,990,410	1,498,561,500	150	150	150
tmp_1_depth10000000_spike0.00001_Akkermansia_muciniphila.fasta_R1.fq	FASTQ	DNA	476,185	71,427,750	150	150	150
tmp_1_depth10000000_spike0.00001_Akkermansia_muciniphila.fasta_R2.fq	FASTQ	DNA	476,185	71,427,750	150	150	150
tmp_1_depth10000000_spike0.00001_Bacteroides_fragilis.fasta_R1.fq	FASTQ	DNA	476,185	71,427,750	150	150	150
tmp_1_depth10000000_spike0.00001_Bacteroides_fragilis.fasta_R2.fq	FASTQ	DNA	476,185	71,427,750	150	150	150
tmp_1_depth10000000_spike0.00001_Bifidobacterium_adolescentis.fasta_R1.fq	FASTQ	DNA	476,131	71,419,650	150	150	150
tmp_1_depth10000000_spike0.00001_Bifidobacterium_adolescentis.fasta_R2.fq	FASTQ	DNA	476,131	71,419,650	150	150	150
tmp_1_depth10000000_spike0.00001_Candida_albican.fasta_R1.fq	FASTQ	DNA	466,753	70,012,950	150	150	150
tmp_1_depth10000000_spike0.00001_Candida_albican.fasta_R2.fq	FASTQ	DNA	466,753	70,012,950	150	150	150
tmp_1_depth10000000_spike0.00001_Clostridioides_difficile.fasta_R1.fq	FASTQ	DNA	476,185	71,427,750	150	150	150
tmp_1_depth10000000_spike0.00001_Clostridioides_difficile.fasta_R2.fq	FASTQ	DNA	476,185	71,427,750	150	150	150
tmp_1_depth10000000_spike0.00001_Clostridium_perfringens.fasta_R1.fq	FASTQ	DNA	476,185	71,427,750	150	150	150
tmp_1_depth10000000_spike0.00001_Clostridium_perfringens.fasta_R2.fq	FASTQ	DNA	476,185	71,427,750	150	150	150
tmp_1_depth10000000_spike0.00001_Enterococcus_faecalis.fasta_R1.fq	FASTQ	DNA	476,091	71,413,650	150	150	150
tmp_1_depth10000000_spike0.00001_Enterococcus_faecalis.fasta_R2.fq	FASTQ	DNA	476,091	71,413,650	150	150	150
tmp_1_depth10000000_spike0.00001_Escherichia_coli_B1109.fasta_R1.fq	FASTQ	DNA	476,185	71,427,750	150	150	150
tmp_1_depth10000000_spike0.00001_Escherichia_coli_B1109.fasta_R2.fq	FASTQ	DNA	476,185	71,427,750	150	150	150
tmp_1_depth10000000_spike0.00001_Escherichia_coli_B3008.fasta_R1.fq	FASTQ	DNA	476,185	71,427,750	150	150	150
tmp_1_depth10000000_spike0.00001_Escherichia_coli_B3008.fasta_R2.fq	FASTQ	DNA	476,185	71,427,750	150	150	150
tmp_1_depth10000000_spike0.00001_Escherichia_coli_B766.fasta_R1.fq	FASTQ	DNA	476,185	71,427,750	150	150	150
tmp_1_depth10000000_spike0.00001_Escherichia_coli_B766.fasta_R2.fq	FASTQ	DNA	476,185	71,427,750	150	150	150
tmp_1_depth10000000_spike0.00001_Escherichia_coli_JM109.fasta_R1.fq	FASTQ	DNA	476,185	71,427,750	150	150	150
tmp_1_depth10000000_spike0.00001_Escherichia_coli_JM109.fasta_R2.fq	FASTQ	DNA	476,185	71,427,750	150	150	150
tmp_1_depth10000000_spike0.00001_Escherichia_coli_b2207.fasta_R1.fq	FASTQ	DNA	476,185	71,427,750	150	150	150
tmp_1_depth10000000_spike0.00001_Escherichia_coli_b2207.fasta_R2.fq	FASTQ	DNA	476,185	71,427,750	150	150	150
tmp_1_depth10000000_spike0.00001_Faecalibacterium_prausnitzii.fasta_R1.fq	FASTQ	DNA	476,185	71,427,750	150	150	150
tmp_1_depth10000000_spike0.00001_Faecalibacterium_prausnitzii.fasta_R2.fq	FASTQ	DNA	476,185	71,427,750	150	150	150
tmp_1_depth10000000_spike0.00001_Fusobacterium_nucleatum.fasta_R1.fq	FASTQ	DNA	476,185	71,427,750	150	150	150
tmp_1_depth10000000_spike0.00001_Fusobacterium_nucleatum.fasta_R2.fq	FASTQ	DNA	476,185	71,427,750	150	150	150
tmp_1_depth10000000_spike0.00001_Haloarcula_hispanica.fasta_R1.fq	FASTQ	DNA	33	4,950	150	150	150
tmp_1_depth10000000_spike0.00001_Haloarcula_hispanica.fasta_R2.fq	FASTQ	DNA	33	4,950	150	150	150
tmp_1_depth10000000_spike0.00001_Lactobacillus_fermentum.fasta_R1.fq	FASTQ	DNA	476,185	71,427,750	150	150	150
tmp_1_depth10000000_spike0.00001_Lactobacillus_fermentum.fasta_R2.fq	FASTQ	DNA	476,185	71,427,750	150	150	150
tmp_1_depth10000000_spike0.00001_Methanobrevibacter_smithii.fasta_R1.fq	FASTQ	DNA	476,185	71,427,750	150	150	150
tmp_1_depth10000000_spike0.00001_Methanobrevibacter_smithii.fasta_R2.fq	FASTQ	DNA	476,185	71,427,750	150	150	150
tmp_1_depth10000000_spike0.00001_Prevotella_corporis.fasta_R1.fq	FASTQ	DNA	476,185	71,427,750	150	150	150
tmp_1_depth10000000_spike0.00001_Prevotella_corporis.fasta_R2.fq	FASTQ	DNA	476,185	71,427,750	150	150	150
tmp_1_depth10000000_spike0.00001_Roseburia_hominis.fasta_R1.fq	FASTQ	DNA	476,185	71,427,750	150	150	150
tmp_1_depth10000000_spike0.00001_Roseburia_hominis.fasta_R2.fq	FASTQ	DNA	476,185	71,427,750	150	150	150
tmp_1_depth10000000_spike0.00001_Saccharomyces_cerevisiae.fasta_R1.fq	FASTQ	DNA	476,185	71,427,750	150	150	150
tmp_1_depth10000000_spike0.00001_Saccharomyces_cerevisiae.fasta_R2.fq	FASTQ	DNA	476,185	71,427,750	150	150	150
tmp_1_depth10000000_spike0.00001_Salinibacter_ruber.fasta_R1.fq	FASTQ	DNA	33	4,950	150	150	150
tmp_1_depth10000000_spike0.00001_Salinibacter_ruber.fasta_R2.fq	FASTQ	DNA	33	4,950	150	150	150
tmp_1_depth10000000_spike0.00001_Salmonella_enterica.fasta_R1.fq	FASTQ	DNA	476,185	71,427,750	150	150	150
tmp_1_depth10000000_spike0.00001_Salmonella_enterica.fasta_R2.fq	FASTQ	DNA	476,185	71,427,750	150	150	150
tmp_1_depth10000000_spike0.00001_Trichoderma_reesei.fasta_R1.fq	FASTQ	DNA	33	4,950	150	150	150
tmp_1_depth10000000_spike0.00001_Trichoderma_reesei.fasta_R2.fq	FASTQ	DNA	33	4,950	150	150	150
tmp_1_depth10000000_spike0.00001_Veillonella_rogosae.fasta_R1.fq	FASTQ	DNA	476,185	71,427,750	150	150	150
tmp_1_depth10000000_spike0.00001_Veillonella_rogosae.fasta_R2.fq	FASTQ	DNA	476,185	71,427,750	150	150	150
1_depth10000000_spike0.00001_R1.fastq.gz	FASTQ	DNA	9,990,404	1,498,560,600	150	150	150
1_depth10000000_spike0.00001_R2.fastq.gz	FASTQ	DNA	9,990,404	1,498,560,600	150	150	150
tmp_1_depth10000000_spike0.00010_Akkermansia_muciniphila.fasta_R1.fq	FASTQ	DNA	476,142	71,421,300	150	150	150
tmp_1_depth10000000_spike0.00010_Akkermansia_muciniphila.fasta_R2.fq	FASTQ	DNA	476,142	71,421,300	150	150	150
tmp_1_depth10000000_spike0.00010_Bacteroides_fragilis.fasta_R1.fq	FASTQ	DNA	476,142	71,421,300	150	150	150
tmp_1_depth10000000_spike0.00010_Bacteroides_fragilis.fasta_R2.fq	FASTQ	DNA	476,142	71,421,300	150	150	150
tmp_1_depth10000000_spike0.00010_Bifidobacterium_adolescentis.fasta_R1.fq	FASTQ	DNA	476,088	71,413,200	150	150	150
tmp_1_depth10000000_spike0.00010_Bifidobacterium_adolescentis.fasta_R2.fq	FASTQ	DNA	476,088	71,413,200	150	150	150
tmp_1_depth10000000_spike0.00010_Candida_albican.fasta_R1.fq	FASTQ	DNA	466,712	70,006,800	150	150	150
tmp_1_depth10000000_spike0.00010_Candida_albican.fasta_R2.fq	FASTQ	DNA	466,712	70,006,800	150	150	150
tmp_1_depth10000000_spike0.00010_Clostridioides_difficile.fasta_R1.fq	FASTQ	DNA	476,142	71,421,300	150	150	150
tmp_1_depth10000000_spike0.00010_Clostridioides_difficile.fasta_R2.fq	FASTQ	DNA	476,142	71,421,300	150	150	150
tmp_1_depth10000000_spike0.00010_Clostridium_perfringens.fasta_R1.fq	FASTQ	DNA	476,142	71,421,300	150	150	150
tmp_1_depth10000000_spike0.00010_Clostridium_perfringens.fasta_R2.fq	FASTQ	DNA	476,142	71,421,300	150	150	150
tmp_1_depth10000000_spike0.00010_Enterococcus_faecalis.fasta_R1.fq	FASTQ	DNA	476,048	71,407,200	150	150	150
tmp_1_depth10000000_spike0.00010_Enterococcus_faecalis.fasta_R2.fq	FASTQ	DNA	476,048	71,407,200	150	150	150
tmp_1_depth10000000_spike0.00010_Escherichia_coli_B1109.fasta_R1.fq	FASTQ	DNA	476,142	71,421,300	150	150	150
tmp_1_depth10000000_spike0.00010_Escherichia_coli_B1109.fasta_R2.fq	FASTQ	DNA	476,142	71,421,300	150	150	150
tmp_1_depth10000000_spike0.00010_Escherichia_coli_B3008.fasta_R1.fq	FASTQ	DNA	476,142	71,421,300	150	150	150
tmp_1_depth10000000_spike0.00010_Escherichia_coli_B3008.fasta_R2.fq	FASTQ	DNA	476,142	71,421,300	150	150	150
tmp_1_depth10000000_spike0.00010_Escherichia_coli_B766.fasta_R1.fq	FASTQ	DNA	476,142	71,421,300	150	150	150
tmp_1_depth10000000_spike0.00010_Escherichia_coli_B766.fasta_R2.fq	FASTQ	DNA	476,142	71,421,300	150	150	150
tmp_1_depth10000000_spike0.00010_Escherichia_coli_JM109.fasta_R1.fq	FASTQ	DNA	476,142	71,421,300	150	150	150
tmp_1_depth10000000_spike0.00010_Escherichia_coli_JM109.fasta_R2.fq	FASTQ	DNA	476,142	71,421,300	150	150	150
tmp_1_depth10000000_spike0.00010_Escherichia_coli_b2207.fasta_R1.fq	FASTQ	DNA	476,142	71,421,300	150	150	150
tmp_1_depth10000000_spike0.00010_Escherichia_coli_b2207.fasta_R2.fq	FASTQ	DNA	476,142	71,421,300	150	150	150
tmp_1_depth10000000_spike0.00010_Faecalibacterium_prausnitzii.fasta_R1.fq	FASTQ	DNA	476,142	71,421,300	150	150	150
tmp_1_depth10000000_spike0.00010_Faecalibacterium_prausnitzii.fasta_R2.fq	FASTQ	DNA	476,142	71,421,300	150	150	150
tmp_1_depth10000000_spike0.00010_Fusobacterium_nucleatum.fasta_R1.fq	FASTQ	DNA	476,142	71,421,300	150	150	150
tmp_1_depth10000000_spike0.00010_Fusobacterium_nucleatum.fasta_R2.fq	FASTQ	DNA	476,142	71,421,300	150	150	150
tmp_1_depth10000000_spike0.00010_Haloarcula_hispanica.fasta_R1.fq	FASTQ	DNA	333	49,950	150	150	150
tmp_1_depth10000000_spike0.00010_Haloarcula_hispanica.fasta_R2.fq	FASTQ	DNA	333	49,950	150	150	150
tmp_1_depth10000000_spike0.00010_Lactobacillus_fermentum.fasta_R1.fq	FASTQ	DNA	476,142	71,421,300	150	150	150
tmp_1_depth10000000_spike0.00010_Lactobacillus_fermentum.fasta_R2.fq	FASTQ	DNA	476,142	71,421,300	150	150	150
tmp_1_depth10000000_spike0.00010_Methanobrevibacter_smithii.fasta_R1.fq	FASTQ	DNA	476,142	71,421,300	150	150	150
tmp_1_depth10000000_spike0.00010_Methanobrevibacter_smithii.fasta_R2.fq	FASTQ	DNA	476,142	71,421,300	150	150	150
tmp_1_depth10000000_spike0.00010_Prevotella_corporis.fasta_R1.fq	FASTQ	DNA	476,142	71,421,300	150	150	150
tmp_1_depth10000000_spike0.00010_Prevotella_corporis.fasta_R2.fq	FASTQ	DNA	476,142	71,421,300	150	150	150
tmp_1_depth10000000_spike0.00010_Roseburia_hominis.fasta_R1.fq	FASTQ	DNA	476,142	71,421,300	150	150	150
tmp_1_depth10000000_spike0.00010_Roseburia_hominis.fasta_R2.fq	FASTQ	DNA	476,142	71,421,300	150	150	150
tmp_1_depth10000000_spike0.00010_Saccharomyces_cerevisiae.fasta_R1.fq	FASTQ	DNA	476,142	71,421,300	150	150	150
tmp_1_depth10000000_spike0.00010_Saccharomyces_cerevisiae.fasta_R2.fq	FASTQ	DNA	476,142	71,421,300	150	150	150
tmp_1_depth10000000_spike0.00010_Salinibacter_ruber.fasta_R1.fq	FASTQ	DNA	333	49,950	150	150	150
tmp_1_depth10000000_spike0.00010_Salinibacter_ruber.fasta_R2.fq	FASTQ	DNA	333	49,950	150	150	150
tmp_1_depth10000000_spike0.00010_Salmonella_enterica.fasta_R1.fq	FASTQ	DNA	476,142	71,421,300	150	150	150
tmp_1_depth10000000_spike0.00010_Salmonella_enterica.fasta_R2.fq	FASTQ	DNA	476,142	71,421,300	150	150	150
tmp_1_depth10000000_spike0.00010_Trichoderma_reesei.fasta_R1.fq	FASTQ	DNA	332	49,800	150	150	150
tmp_1_depth10000000_spike0.00010_Trichoderma_reesei.fasta_R2.fq	FASTQ	DNA	332	49,800	150	150	150
tmp_1_depth10000000_spike0.00010_Veillonella_rogosae.fasta_R1.fq	FASTQ	DNA	476,142	71,421,300	150	150	150
tmp_1_depth10000000_spike0.00010_Veillonella_rogosae.fasta_R2.fq	FASTQ	DNA	476,142	71,421,300	150	150	150
1_depth10000000_spike0.00010_R1.fastq.gz	FASTQ	DNA	9,990,402	1,498,560,300	150	150	150
1_depth10000000_spike0.00010_R2.fastq.gz	FASTQ	DNA	9,990,402	1,498,560,300	150	150	150
tmp_1_depth10000000_spike0.00100_Akkermansia_muciniphila.fasta_R1.fq	FASTQ	DNA	475,714	71,357,100	150	150	150
tmp_1_depth10000000_spike0.00100_Akkermansia_muciniphila.fasta_R2.fq	FASTQ	DNA	475,714	71,357,100	150	150	150
tmp_1_depth10000000_spike0.00100_Bacteroides_fragilis.fasta_R1.fq	FASTQ	DNA	475,714	71,357,100	150	150	150
tmp_1_depth10000000_spike0.00100_Bacteroides_fragilis.fasta_R2.fq	FASTQ	DNA	475,714	71,357,100	150	150	150
tmp_1_depth10000000_spike0.00100_Bifidobacterium_adolescentis.fasta_R1.fq	FASTQ	DNA	475,660	71,349,000	150	150	150
tmp_1_depth10000000_spike0.00100_Bifidobacterium_adolescentis.fasta_R2.fq	FASTQ	DNA	475,660	71,349,000	150	150	150
tmp_1_depth10000000_spike0.00100_Candida_albican.fasta_R1.fq	FASTQ	DNA	466,289	69,943,350	150	150	150
tmp_1_depth10000000_spike0.00100_Candida_albican.fasta_R2.fq	FASTQ	DNA	466,289	69,943,350	150	150	150
tmp_1_depth10000000_spike0.00100_Clostridioides_difficile.fasta_R1.fq	FASTQ	DNA	475,714	71,357,100	150	150	150
tmp_1_depth10000000_spike0.00100_Clostridioides_difficile.fasta_R2.fq	FASTQ	DNA	475,714	71,357,100	150	150	150
tmp_1_depth10000000_spike0.00100_Clostridium_perfringens.fasta_R1.fq	FASTQ	DNA	475,714	71,357,100	150	150	150
tmp_1_depth10000000_spike0.00100_Clostridium_perfringens.fasta_R2.fq	FASTQ	DNA	475,714	71,357,100	150	150	150
tmp_1_depth10000000_spike0.00100_Enterococcus_faecalis.fasta_R1.fq	FASTQ	DNA	475,620	71,343,000	150	150	150
tmp_1_depth10000000_spike0.00100_Enterococcus_faecalis.fasta_R2.fq	FASTQ	DNA	475,620	71,343,000	150	150	150
tmp_1_depth10000000_spike0.00100_Escherichia_coli_B1109.fasta_R1.fq	FASTQ	DNA	475,714	71,357,100	150	150	150
tmp_1_depth10000000_spike0.00100_Escherichia_coli_B1109.fasta_R2.fq	FASTQ	DNA	475,714	71,357,100	150	150	150
tmp_1_depth10000000_spike0.00100_Escherichia_coli_B3008.fasta_R1.fq	FASTQ	DNA	475,714	71,357,100	150	150	150
tmp_1_depth10000000_spike0.00100_Escherichia_coli_B3008.fasta_R2.fq	FASTQ	DNA	475,714	71,357,100	150	150	150
tmp_1_depth10000000_spike0.00100_Escherichia_coli_B766.fasta_R1.fq	FASTQ	DNA	475,714	71,357,100	150	150	150
tmp_1_depth10000000_spike0.00100_Escherichia_coli_B766.fasta_R2.fq	FASTQ	DNA	475,714	71,357,100	150	150	150
tmp_1_depth10000000_spike0.00100_Escherichia_coli_JM109.fasta_R1.fq	FASTQ	DNA	475,714	71,357,100	150	150	150
tmp_1_depth10000000_spike0.00100_Escherichia_coli_JM109.fasta_R2.fq	FASTQ	DNA	475,714	71,357,100	150	150	150
tmp_1_depth10000000_spike0.00100_Escherichia_coli_b2207.fasta_R1.fq	FASTQ	DNA	475,714	71,357,100	150	150	150
tmp_1_depth10000000_spike0.00100_Escherichia_coli_b2207.fasta_R2.fq	FASTQ	DNA	475,714	71,357,100	150	150	150
tmp_1_depth10000000_spike0.00100_Faecalibacterium_prausnitzii.fasta_R1.fq	FASTQ	DNA	475,714	71,357,100	150	150	150
tmp_1_depth10000000_spike0.00100_Faecalibacterium_prausnitzii.fasta_R2.fq	FASTQ	DNA	475,714	71,357,100	150	150	150
tmp_1_depth10000000_spike0.00100_Fusobacterium_nucleatum.fasta_R1.fq	FASTQ	DNA	475,714	71,357,100	150	150	150
tmp_1_depth10000000_spike0.00100_Fusobacterium_nucleatum.fasta_R2.fq	FASTQ	DNA	475,714	71,357,100	150	150	150
tmp_1_depth10000000_spike0.00100_Haloarcula_hispanica.fasta_R1.fq	FASTQ	DNA	3,333	499,950	150	150	150
tmp_1_depth10000000_spike0.00100_Haloarcula_hispanica.fasta_R2.fq	FASTQ	DNA	3,333	499,950	150	150	150
tmp_1_depth10000000_spike0.00100_Lactobacillus_fermentum.fasta_R1.fq	FASTQ	DNA	475,714	71,357,100	150	150	150
tmp_1_depth10000000_spike0.00100_Lactobacillus_fermentum.fasta_R2.fq	FASTQ	DNA	475,714	71,357,100	150	150	150
tmp_1_depth10000000_spike0.00100_Methanobrevibacter_smithii.fasta_R1.fq	FASTQ	DNA	475,714	71,357,100	150	150	150
tmp_1_depth10000000_spike0.00100_Methanobrevibacter_smithii.fasta_R2.fq	FASTQ	DNA	475,714	71,357,100	150	150	150
tmp_1_depth10000000_spike0.00100_Prevotella_corporis.fasta_R1.fq	FASTQ	DNA	475,714	71,357,100	150	150	150
tmp_1_depth10000000_spike0.00100_Prevotella_corporis.fasta_R2.fq	FASTQ	DNA	475,714	71,357,100	150	150	150
tmp_1_depth10000000_spike0.00100_Roseburia_hominis.fasta_R1.fq	FASTQ	DNA	475,714	71,357,100	150	150	150
tmp_1_depth10000000_spike0.00100_Roseburia_hominis.fasta_R2.fq	FASTQ	DNA	475,714	71,357,100	150	150	150
tmp_1_depth10000000_spike0.00100_Saccharomyces_cerevisiae.fasta_R1.fq	FASTQ	DNA	475,714	71,357,100	150	150	150
tmp_1_depth10000000_spike0.00100_Saccharomyces_cerevisiae.fasta_R2.fq	FASTQ	DNA	475,714	71,357,100	150	150	150
tmp_1_depth10000000_spike0.00100_Salinibacter_ruber.fasta_R1.fq	FASTQ	DNA	3,333	499,950	150	150	150
tmp_1_depth10000000_spike0.00100_Salinibacter_ruber.fasta_R2.fq	FASTQ	DNA	3,333	499,950	150	150	150
tmp_1_depth10000000_spike0.00100_Salmonella_enterica.fasta_R1.fq	FASTQ	DNA	475,714	71,357,100	150	150	150
tmp_1_depth10000000_spike0.00100_Salmonella_enterica.fasta_R2.fq	FASTQ	DNA	475,714	71,357,100	150	150	150
tmp_1_depth10000000_spike0.00100_Trichoderma_reesei.fasta_R1.fq	FASTQ	DNA	3,322	498,300	150	150	150
tmp_1_depth10000000_spike0.00100_Trichoderma_reesei.fasta_R2.fq	FASTQ	DNA	3,322	498,300	150	150	150
tmp_1_depth10000000_spike0.00100_Veillonella_rogosae.fasta_R1.fq	FASTQ	DNA	475,714	71,357,100	150	150	150
tmp_1_depth10000000_spike0.00100_Veillonella_rogosae.fasta_R2.fq	FASTQ	DNA	475,714	71,357,100	150	150	150
1_depth10000000_spike0.00100_R1.fastq.gz	FASTQ	DNA	9,990,409	1,498,561,350	150	150	150
1_depth10000000_spike0.00100_R2.fastq.gz	FASTQ	DNA	9,990,409	1,498,561,350	150	150	150
tmp_1_depth10000000_spike0.01000_Akkermansia_muciniphila.fasta_R1.fq	FASTQ	DNA	471,428	70,714,200	150	150	150
tmp_1_depth10000000_spike0.01000_Akkermansia_muciniphila.fasta_R2.fq	FASTQ	DNA	471,428	70,714,200	150	150	150
tmp_1_depth10000000_spike0.01000_Bacteroides_fragilis.fasta_R1.fq	FASTQ	DNA	471,428	70,714,200	150	150	150
tmp_1_depth10000000_spike0.01000_Bacteroides_fragilis.fasta_R2.fq	FASTQ	DNA	471,428	70,714,200	150	150	150
tmp_1_depth10000000_spike0.01000_Bifidobacterium_adolescentis.fasta_R1.fq	FASTQ	DNA	471,376	70,706,400	150	150	150
tmp_1_depth10000000_spike0.01000_Bifidobacterium_adolescentis.fasta_R2.fq	FASTQ	DNA	471,376	70,706,400	150	150	150
tmp_1_depth10000000_spike0.01000_Candida_albican.fasta_R1.fq	FASTQ	DNA	462,080	69,312,000	150	150	150
tmp_1_depth10000000_spike0.01000_Candida_albican.fasta_R2.fq	FASTQ	DNA	462,080	69,312,000	150	150	150
tmp_1_depth10000000_spike0.01000_Clostridioides_difficile.fasta_R1.fq	FASTQ	DNA	471,428	70,714,200	150	150	150
tmp_1_depth10000000_spike0.01000_Clostridioides_difficile.fasta_R2.fq	FASTQ	DNA	471,428	70,714,200	150	150	150
tmp_1_depth10000000_spike0.01000_Clostridium_perfringens.fasta_R1.fq	FASTQ	DNA	471,428	70,714,200	150	150	150
tmp_1_depth10000000_spike0.01000_Clostridium_perfringens.fasta_R2.fq	FASTQ	DNA	471,428	70,714,200	150	150	150
tmp_1_depth10000000_spike0.01000_Enterococcus_faecalis.fasta_R1.fq	FASTQ	DNA	471,334	70,700,100	150	150	150
tmp_1_depth10000000_spike0.01000_Enterococcus_faecalis.fasta_R2.fq	FASTQ	DNA	471,334	70,700,100	150	150	150
tmp_1_depth10000000_spike0.01000_Escherichia_coli_B1109.fasta_R1.fq	FASTQ	DNA	471,428	70,714,200	150	150	150
tmp_1_depth10000000_spike0.01000_Escherichia_coli_B1109.fasta_R2.fq	FASTQ	DNA	471,428	70,714,200	150	150	150
tmp_1_depth10000000_spike0.01000_Escherichia_coli_B3008.fasta_R1.fq	FASTQ	DNA	471,428	70,714,200	150	150	150
tmp_1_depth10000000_spike0.01000_Escherichia_coli_B3008.fasta_R2.fq	FASTQ	DNA	471,428	70,714,200	150	150	150
tmp_1_depth10000000_spike0.01000_Escherichia_coli_B766.fasta_R1.fq	FASTQ	DNA	471,428	70,714,200	150	150	150
tmp_1_depth10000000_spike0.01000_Escherichia_coli_B766.fasta_R2.fq	FASTQ	DNA	471,428	70,714,200	150	150	150
tmp_1_depth10000000_spike0.01000_Escherichia_coli_JM109.fasta_R1.fq	FASTQ	DNA	471,428	70,714,200	150	150	150
tmp_1_depth10000000_spike0.01000_Escherichia_coli_JM109.fasta_R2.fq	FASTQ	DNA	471,428	70,714,200	150	150	150
tmp_1_depth10000000_spike0.01000_Escherichia_coli_b2207.fasta_R1.fq	FASTQ	DNA	471,428	70,714,200	150	150	150
tmp_1_depth10000000_spike0.01000_Escherichia_coli_b2207.fasta_R2.fq	FASTQ	DNA	471,428	70,714,200	150	150	150
tmp_1_depth10000000_spike0.01000_Faecalibacterium_prausnitzii.fasta_R1.fq	FASTQ	DNA	471,428	70,714,200	150	150	150
tmp_1_depth10000000_spike0.01000_Faecalibacterium_prausnitzii.fasta_R2.fq	FASTQ	DNA	471,428	70,714,200	150	150	150
tmp_1_depth10000000_spike0.01000_Fusobacterium_nucleatum.fasta_R1.fq	FASTQ	DNA	471,428	70,714,200	150	150	150
tmp_1_depth10000000_spike0.01000_Fusobacterium_nucleatum.fasta_R2.fq	FASTQ	DNA	471,428	70,714,200	150	150	150
tmp_1_depth10000000_spike0.01000_Haloarcula_hispanica.fasta_R1.fq	FASTQ	DNA	33,333	4,999,950	150	150	150
tmp_1_depth10000000_spike0.01000_Haloarcula_hispanica.fasta_R2.fq	FASTQ	DNA	33,333	4,999,950	150	150	150
tmp_1_depth10000000_spike0.01000_Lactobacillus_fermentum.fasta_R1.fq	FASTQ	DNA	471,428	70,714,200	150	150	150
tmp_1_depth10000000_spike0.01000_Lactobacillus_fermentum.fasta_R2.fq	FASTQ	DNA	471,428	70,714,200	150	150	150
tmp_1_depth10000000_spike0.01000_Methanobrevibacter_smithii.fasta_R1.fq	FASTQ	DNA	471,428	70,714,200	150	150	150
tmp_1_depth10000000_spike0.01000_Methanobrevibacter_smithii.fasta_R2.fq	FASTQ	DNA	471,428	70,714,200	150	150	150
tmp_1_depth10000000_spike0.01000_Prevotella_corporis.fasta_R1.fq	FASTQ	DNA	471,428	70,714,200	150	150	150
tmp_1_depth10000000_spike0.01000_Prevotella_corporis.fasta_R2.fq	FASTQ	DNA	471,428	70,714,200	150	150	150
tmp_1_depth10000000_spike0.01000_Roseburia_hominis.fasta_R1.fq	FASTQ	DNA	471,428	70,714,200	150	150	150
tmp_1_depth10000000_spike0.01000_Roseburia_hominis.fasta_R2.fq	FASTQ	DNA	471,428	70,714,200	150	150	150
tmp_1_depth10000000_spike0.01000_Saccharomyces_cerevisiae.fasta_R1.fq	FASTQ	DNA	471,428	70,714,200	150	150	150
tmp_1_depth10000000_spike0.01000_Saccharomyces_cerevisiae.fasta_R2.fq	FASTQ	DNA	471,428	70,714,200	150	150	150
tmp_1_depth10000000_spike0.01000_Salinibacter_ruber.fasta_R1.fq	FASTQ	DNA	33,333	4,999,950	150	150	150
tmp_1_depth10000000_spike0.01000_Salinibacter_ruber.fasta_R2.fq	FASTQ	DNA	33,333	4,999,950	150	150	150
tmp_1_depth10000000_spike0.01000_Salmonella_enterica.fasta_R1.fq	FASTQ	DNA	471,428	70,714,200	150	150	150
tmp_1_depth10000000_spike0.01000_Salmonella_enterica.fasta_R2.fq	FASTQ	DNA	471,428	70,714,200	150	150	150
tmp_1_depth10000000_spike0.01000_Trichoderma_reesei.fasta_R1.fq	FASTQ	DNA	33,256	4,988,400	150	150	150
tmp_1_depth10000000_spike0.01000_Trichoderma_reesei.fasta_R2.fq	FASTQ	DNA	33,256	4,988,400	150	150	150
tmp_1_depth10000000_spike0.01000_Veillonella_rogosae.fasta_R1.fq	FASTQ	DNA	471,428	70,714,200	150	150	150
tmp_1_depth10000000_spike0.01000_Veillonella_rogosae.fasta_R2.fq	FASTQ	DNA	471,428	70,714,200	150	150	150
1_depth10000000_spike0.01000_R1.fastq.gz	FASTQ	DNA	9,990,416	1,498,562,400	150	150	150
1_depth10000000_spike0.01000_R2.fastq.gz	FASTQ	DNA	9,990,416	1,498,562,400	150	150	150
tmp_1_depth10000000_spike0.10000_Akkermansia_muciniphila.fasta_R1.fq	FASTQ	DNA	428,571	64,285,650	150	150	150
tmp_1_depth10000000_spike0.10000_Akkermansia_muciniphila.fasta_R2.fq	FASTQ	DNA	428,571	64,285,650	150	150	150
tmp_1_depth10000000_spike0.10000_Bacteroides_fragilis.fasta_R1.fq	FASTQ	DNA	428,571	64,285,650	150	150	150
tmp_1_depth10000000_spike0.10000_Bacteroides_fragilis.fasta_R2.fq	FASTQ	DNA	428,571	64,285,650	150	150	150
tmp_1_depth10000000_spike0.10000_Bifidobacterium_adolescentis.fasta_R1.fq	FASTQ	DNA	428,526	64,278,900	150	150	150
tmp_1_depth10000000_spike0.10000_Bifidobacterium_adolescentis.fasta_R2.fq	FASTQ	DNA	428,526	64,278,900	150	150	150
tmp_1_depth10000000_spike0.10000_Candida_albican.fasta_R1.fq	FASTQ	DNA	420,051	63,007,650	150	150	150
tmp_1_depth10000000_spike0.10000_Candida_albican.fasta_R2.fq	FASTQ	DNA	420,051	63,007,650	150	150	150
tmp_1_depth10000000_spike0.10000_Clostridioides_difficile.fasta_R1.fq	FASTQ	DNA	428,571	64,285,650	150	150	150
tmp_1_depth10000000_spike0.10000_Clostridioides_difficile.fasta_R2.fq	FASTQ	DNA	428,571	64,285,650	150	150	150
tmp_1_depth10000000_spike0.10000_Clostridium_perfringens.fasta_R1.fq	FASTQ	DNA	428,571	64,285,650	150	150	150
tmp_1_depth10000000_spike0.10000_Clostridium_perfringens.fasta_R2.fq	FASTQ	DNA	428,571	64,285,650	150	150	150
tmp_1_depth10000000_spike0.10000_Enterococcus_faecalis.fasta_R1.fq	FASTQ	DNA	428,485	64,272,750	150	150	150
tmp_1_depth10000000_spike0.10000_Enterococcus_faecalis.fasta_R2.fq	FASTQ	DNA	428,485	64,272,750	150	150	150
tmp_1_depth10000000_spike0.10000_Escherichia_coli_B1109.fasta_R1.fq	FASTQ	DNA	428,571	64,285,650	150	150	150
tmp_1_depth10000000_spike0.10000_Escherichia_coli_B1109.fasta_R2.fq	FASTQ	DNA	428,571	64,285,650	150	150	150
tmp_1_depth10000000_spike0.10000_Escherichia_coli_B3008.fasta_R1.fq	FASTQ	DNA	428,571	64,285,650	150	150	150
tmp_1_depth10000000_spike0.10000_Escherichia_coli_B3008.fasta_R2.fq	FASTQ	DNA	428,571	64,285,650	150	150	150
tmp_1_depth10000000_spike0.10000_Escherichia_coli_B766.fasta_R1.fq	FASTQ	DNA	428,571	64,285,650	150	150	150
tmp_1_depth10000000_spike0.10000_Escherichia_coli_B766.fasta_R2.fq	FASTQ	DNA	428,571	64,285,650	150	150	150
tmp_1_depth10000000_spike0.10000_Escherichia_coli_JM109.fasta_R1.fq	FASTQ	DNA	428,571	64,285,650	150	150	150
tmp_1_depth10000000_spike0.10000_Escherichia_coli_JM109.fasta_R2.fq	FASTQ	DNA	428,571	64,285,650	150	150	150
tmp_1_depth10000000_spike0.10000_Escherichia_coli_b2207.fasta_R1.fq	FASTQ	DNA	428,571	64,285,650	150	150	150
tmp_1_depth10000000_spike0.10000_Escherichia_coli_b2207.fasta_R2.fq	FASTQ	DNA	428,571	64,285,650	150	150	150
tmp_1_depth10000000_spike0.10000_Faecalibacterium_prausnitzii.fasta_R1.fq	FASTQ	DNA	428,571	64,285,650	150	150	150
tmp_1_depth10000000_spike0.10000_Faecalibacterium_prausnitzii.fasta_R2.fq	FASTQ	DNA	428,571	64,285,650	150	150	150
tmp_1_depth10000000_spike0.10000_Fusobacterium_nucleatum.fasta_R1.fq	FASTQ	DNA	428,571	64,285,650	150	150	150
tmp_1_depth10000000_spike0.10000_Fusobacterium_nucleatum.fasta_R2.fq	FASTQ	DNA	428,571	64,285,650	150	150	150
tmp_1_depth10000000_spike0.10000_Haloarcula_hispanica.fasta_R1.fq	FASTQ	DNA	333,333	49,999,950	150	150	150
tmp_1_depth10000000_spike0.10000_Haloarcula_hispanica.fasta_R2.fq	FASTQ	DNA	333,333	49,999,950	150	150	150
tmp_1_depth10000000_spike0.10000_Lactobacillus_fermentum.fasta_R1.fq	FASTQ	DNA	428,571	64,285,650	150	150	150
tmp_1_depth10000000_spike0.10000_Lactobacillus_fermentum.fasta_R2.fq	FASTQ	DNA	428,571	64,285,650	150	150	150
tmp_1_depth10000000_spike0.10000_Methanobrevibacter_smithii.fasta_R1.fq	FASTQ	DNA	428,571	64,285,650	150	150	150
tmp_1_depth10000000_spike0.10000_Methanobrevibacter_smithii.fasta_R2.fq	FASTQ	DNA	428,571	64,285,650	150	150	150
tmp_1_depth10000000_spike0.10000_Prevotella_corporis.fasta_R1.fq	FASTQ	DNA	428,571	64,285,650	150	150	150
tmp_1_depth10000000_spike0.10000_Prevotella_corporis.fasta_R2.fq	FASTQ	DNA	428,571	64,285,650	150	150	150
tmp_1_depth10000000_spike0.10000_Roseburia_hominis.fasta_R1.fq	FASTQ	DNA	428,571	64,285,650	150	150	150
tmp_1_depth10000000_spike0.10000_Roseburia_hominis.fasta_R2.fq	FASTQ	DNA	428,571	64,285,650	150	150	150
tmp_1_depth10000000_spike0.10000_Saccharomyces_cerevisiae.fasta_R1.fq	FASTQ	DNA	428,571	64,285,650	150	150	150
tmp_1_depth10000000_spike0.10000_Saccharomyces_cerevisiae.fasta_R2.fq	FASTQ	DNA	428,571	64,285,650	150	150	150
tmp_1_depth10000000_spike0.10000_Salinibacter_ruber.fasta_R1.fq	FASTQ	DNA	333,333	49,999,950	150	150	150
tmp_1_depth10000000_spike0.10000_Salinibacter_ruber.fasta_R2.fq	FASTQ	DNA	333,333	49,999,950	150	150	150
tmp_1_depth10000000_spike0.10000_Salmonella_enterica.fasta_R1.fq	FASTQ	DNA	428,571	64,285,650	150	150	150
tmp_1_depth10000000_spike0.10000_Salmonella_enterica.fasta_R2.fq	FASTQ	DNA	428,571	64,285,650	150	150	150
tmp_1_depth10000000_spike0.10000_Trichoderma_reesei.fasta_R1.fq	FASTQ	DNA	332,575	49,886,250	150	150	150
tmp_1_depth10000000_spike0.10000_Trichoderma_reesei.fasta_R2.fq	FASTQ	DNA	332,575	49,886,250	150	150	150
tmp_1_depth10000000_spike0.10000_Veillonella_rogosae.fasta_R1.fq	FASTQ	DNA	428,571	64,285,650	150	150	150
tmp_1_depth10000000_spike0.10000_Veillonella_rogosae.fasta_R2.fq	FASTQ	DNA	428,571	64,285,650	150	150	150
1_depth10000000_spike0.10000_R1.fastq.gz	FASTQ	DNA	9,990,581	1,498,587,150	150	150	150
1_depth10000000_spike0.10000_R2.fastq.gz	FASTQ	DNA	9,990,581	1,498,587,150	150	150	150
tmp_1_depth10000000_spike1.00000_Haloarcula_hispanica.fasta_R1.fq	FASTQ	DNA	3,333,333	499,999,950	150	150	150
tmp_1_depth10000000_spike1.00000_Haloarcula_hispanica.fasta_R2.fq	FASTQ	DNA	3,333,333	499,999,950	150	150	150
tmp_1_depth10000000_spike1.00000_Salinibacter_ruber.fasta_R1.fq	FASTQ	DNA	3,333,333	499,999,950	150	150	150
tmp_1_depth10000000_spike1.00000_Salinibacter_ruber.fasta_R2.fq	FASTQ	DNA	3,333,333	499,999,950	150	150	150
tmp_1_depth10000000_spike1.00000_Trichoderma_reesei.fasta_R1.fq	FASTQ	DNA	3,325,746	498,861,900	150	150	150
tmp_1_depth10000000_spike1.00000_Trichoderma_reesei.fasta_R2.fq	FASTQ	DNA	3,325,746	498,861,900	150	150	150
1_depth10000000_spike1.00000_R1.fastq.gz	FASTQ	DNA	9,992,412	1,498,861,800	150	150	150
1_depth10000000_spike1.00000_R2.fastq.gz	FASTQ	DNA	9,992,412	1,498,861,800	150	150	150
tmp_1_evencoverage0.00000_Akkermansia_muciniphila.fasta_R1.fq	FASTQ	DNA	9,505	1,425,750	150	150	150
tmp_1_evencoverage0.00000_Akkermansia_muciniphila.fasta_R2.fq	FASTQ	DNA	9,505	1,425,750	150	150	150
tmp_1_evencoverage0.00000_Bacteroides_fragilis.fasta_R1.fq	FASTQ	DNA	17,223	2,583,450	150	150	150
tmp_1_evencoverage0.00000_Bacteroides_fragilis.fasta_R2.fq	FASTQ	DNA	17,223	2,583,450	150	150	150
tmp_1_evencoverage0.00000_Bifidobacterium_adolescentis.fasta_R1.fq	FASTQ	DNA	6,963	1,044,450	150	150	150
tmp_1_evencoverage0.00000_Bifidobacterium_adolescentis.fasta_R2.fq	FASTQ	DNA	6,963	1,044,450	150	150	150
tmp_1_evencoverage0.00000_Candida_albican.fasta_R1.fq	FASTQ	DNA	41,073	6,160,950	150	150	150
tmp_1_evencoverage0.00000_Candida_albican.fasta_R2.fq	FASTQ	DNA	41,073	6,160,950	150	150	150
tmp_1_evencoverage0.00000_Clostridioides_difficile.fasta_R1.fq	FASTQ	DNA	14,030	2,104,500	150	150	150
tmp_1_evencoverage0.00000_Clostridioides_difficile.fasta_R2.fq	FASTQ	DNA	14,030	2,104,500	150	150	150
tmp_1_evencoverage0.00000_Clostridium_perfringens.fasta_R1.fq	FASTQ	DNA	11,453	1,717,950	150	150	150
tmp_1_evencoverage0.00000_Clostridium_perfringens.fasta_R2.fq	FASTQ	DNA	11,453	1,717,950	150	150	150
tmp_1_evencoverage0.00000_Enterococcus_faecalis.fasta_R1.fq	FASTQ	DNA	9,484	1,422,600	150	150	150
tmp_1_evencoverage0.00000_Enterococcus_faecalis.fasta_R2.fq	FASTQ	DNA	9,484	1,422,600	150	150	150
tmp_1_evencoverage0.00000_Escherichia_coli_B1109.fasta_R1.fq	FASTQ	DNA	16,251	2,437,650	150	150	150
tmp_1_evencoverage0.00000_Escherichia_coli_B1109.fasta_R2.fq	FASTQ	DNA	16,251	2,437,650	150	150	150
tmp_1_evencoverage0.00000_Escherichia_coli_B3008.fasta_R1.fq	FASTQ	DNA	15,798	2,369,700	150	150	150
tmp_1_evencoverage0.00000_Escherichia_coli_B3008.fasta_R2.fq	FASTQ	DNA	15,798	2,369,700	150	150	150
tmp_1_evencoverage0.00000_Escherichia_coli_B766.fasta_R1.fq	FASTQ	DNA	17,302	2,595,300	150	150	150
tmp_1_evencoverage0.00000_Escherichia_coli_B766.fasta_R2.fq	FASTQ	DNA	17,302	2,595,300	150	150	150
tmp_1_evencoverage0.00000_Escherichia_coli_JM109.fasta_R1.fq	FASTQ	DNA	15,763	2,364,450	150	150	150
tmp_1_evencoverage0.00000_Escherichia_coli_JM109.fasta_R2.fq	FASTQ	DNA	15,763	2,364,450	150	150	150
tmp_1_evencoverage0.00000_Escherichia_coli_b2207.fasta_R1.fq	FASTQ	DNA	17,446	2,616,900	150	150	150
tmp_1_evencoverage0.00000_Escherichia_coli_b2207.fasta_R2.fq	FASTQ	DNA	17,446	2,616,900	150	150	150
tmp_1_evencoverage0.00000_Faecalibacterium_prausnitzii.fasta_R1.fq	FASTQ	DNA	9,713	1,456,950	150	150	150
tmp_1_evencoverage0.00000_Faecalibacterium_prausnitzii.fasta_R2.fq	FASTQ	DNA	9,713	1,456,950	150	150	150
tmp_1_evencoverage0.00000_Fusobacterium_nucleatum.fasta_R1.fq	FASTQ	DNA	8,161	1,224,150	150	150	150
tmp_1_evencoverage0.00000_Fusobacterium_nucleatum.fasta_R2.fq	FASTQ	DNA	8,161	1,224,150	150	150	150
tmp_1_evencoverage0.00000_Haloarcula_hispanica.fasta_R1.fq	0	0	0	0	0
tmp_1_evencoverage0.00000_Haloarcula_hispanica.fasta_R2.fq	0	0	0	0	0
tmp_1_evencoverage0.00000_Lactobacillus_fermentum.fasta_R1.fq	FASTQ	DNA	6,351	952,650	150	150	150
tmp_1_evencoverage0.00000_Lactobacillus_fermentum.fasta_R2.fq	FASTQ	DNA	6,351	952,650	150	150	150
tmp_1_evencoverage0.00000_Methanobrevibacter_smithii.fasta_R1.fq	FASTQ	DNA	6,177	926,550	150	150	150
tmp_1_evencoverage0.00000_Methanobrevibacter_smithii.fasta_R2.fq	FASTQ	DNA	6,177	926,550	150	150	150
tmp_1_evencoverage0.00000_Prevotella_corporis.fasta_R1.fq	FASTQ	DNA	9,824	1,473,600	150	150	150
tmp_1_evencoverage0.00000_Prevotella_corporis.fasta_R2.fq	FASTQ	DNA	9,824	1,473,600	150	150	150
tmp_1_evencoverage0.00000_Roseburia_hominis.fasta_R1.fq	FASTQ	DNA	11,544	1,731,600	150	150	150
tmp_1_evencoverage0.00000_Roseburia_hominis.fasta_R2.fq	FASTQ	DNA	11,544	1,731,600	150	150	150
tmp_1_evencoverage0.00000_Saccharomyces_cerevisiae.fasta_R1.fq	FASTQ	DNA	42,811	6,421,650	150	150	150
tmp_1_evencoverage0.00000_Saccharomyces_cerevisiae.fasta_R2.fq	FASTQ	DNA	42,811	6,421,650	150	150	150
tmp_1_evencoverage0.00000_Salinibacter_ruber.fasta_R1.fq	0	0	0	0	0
tmp_1_evencoverage0.00000_Salinibacter_ruber.fasta_R2.fq	0	0	0	0	0
tmp_1_evencoverage0.00000_Salmonella_enterica.fasta_R1.fq	FASTQ	DNA	15,866	2,379,900	150	150	150
tmp_1_evencoverage0.00000_Salmonella_enterica.fasta_R2.fq	FASTQ	DNA	15,866	2,379,900	150	150	150
tmp_1_evencoverage0.00000_Trichoderma_reesei.fasta_R1.fq	0	0	0	0	0
tmp_1_evencoverage0.00000_Trichoderma_reesei.fasta_R2.fq	0	0	0	0	0
tmp_1_evencoverage0.00000_Veillonella_rogosae.fasta_R1.fq	FASTQ	DNA	7,193	1,078,950	150	150	150
tmp_1_evencoverage0.00000_Veillonella_rogosae.fasta_R2.fq	FASTQ	DNA	7,193	1,078,950	150	150	150
1_evencoverage0.00000_R1.fastq.gz	FASTQ	DNA	309,931	46,489,650	150	150	150
1_evencoverage0.00000_R2.fastq.gz	FASTQ	DNA	309,931	46,489,650	150	150	150
tmp_1_evencoverage0.01000_Akkermansia_muciniphila.fasta_R1.fq	FASTQ	DNA	9,505	1,425,750	150	150	150
tmp_1_evencoverage0.01000_Akkermansia_muciniphila.fasta_R2.fq	FASTQ	DNA	9,505	1,425,750	150	150	150
tmp_1_evencoverage0.01000_Bacteroides_fragilis.fasta_R1.fq	FASTQ	DNA	17,223	2,583,450	150	150	150
tmp_1_evencoverage0.01000_Bacteroides_fragilis.fasta_R2.fq	FASTQ	DNA	17,223	2,583,450	150	150	150
tmp_1_evencoverage0.01000_Bifidobacterium_adolescentis.fasta_R1.fq	FASTQ	DNA	6,963	1,044,450	150	150	150
tmp_1_evencoverage0.01000_Bifidobacterium_adolescentis.fasta_R2.fq	FASTQ	DNA	6,963	1,044,450	150	150	150
tmp_1_evencoverage0.01000_Candida_albican.fasta_R1.fq	FASTQ	DNA	41,073	6,160,950	150	150	150
tmp_1_evencoverage0.01000_Candida_albican.fasta_R2.fq	FASTQ	DNA	41,073	6,160,950	150	150	150
tmp_1_evencoverage0.01000_Clostridioides_difficile.fasta_R1.fq	FASTQ	DNA	14,030	2,104,500	150	150	150
tmp_1_evencoverage0.01000_Clostridioides_difficile.fasta_R2.fq	FASTQ	DNA	14,030	2,104,500	150	150	150
tmp_1_evencoverage0.01000_Clostridium_perfringens.fasta_R1.fq	FASTQ	DNA	11,453	1,717,950	150	150	150
tmp_1_evencoverage0.01000_Clostridium_perfringens.fasta_R2.fq	FASTQ	DNA	11,453	1,717,950	150	150	150
tmp_1_evencoverage0.01000_Enterococcus_faecalis.fasta_R1.fq	FASTQ	DNA	9,484	1,422,600	150	150	150
tmp_1_evencoverage0.01000_Enterococcus_faecalis.fasta_R2.fq	FASTQ	DNA	9,484	1,422,600	150	150	150
tmp_1_evencoverage0.01000_Escherichia_coli_B1109.fasta_R1.fq	FASTQ	DNA	16,251	2,437,650	150	150	150
tmp_1_evencoverage0.01000_Escherichia_coli_B1109.fasta_R2.fq	FASTQ	DNA	16,251	2,437,650	150	150	150
tmp_1_evencoverage0.01000_Escherichia_coli_B3008.fasta_R1.fq	FASTQ	DNA	15,798	2,369,700	150	150	150
tmp_1_evencoverage0.01000_Escherichia_coli_B3008.fasta_R2.fq	FASTQ	DNA	15,798	2,369,700	150	150	150
tmp_1_evencoverage0.01000_Escherichia_coli_B766.fasta_R1.fq	FASTQ	DNA	17,302	2,595,300	150	150	150
tmp_1_evencoverage0.01000_Escherichia_coli_B766.fasta_R2.fq	FASTQ	DNA	17,302	2,595,300	150	150	150
tmp_1_evencoverage0.01000_Escherichia_coli_JM109.fasta_R1.fq	FASTQ	DNA	15,763	2,364,450	150	150	150
tmp_1_evencoverage0.01000_Escherichia_coli_JM109.fasta_R2.fq	FASTQ	DNA	15,763	2,364,450	150	150	150
tmp_1_evencoverage0.01000_Escherichia_coli_b2207.fasta_R1.fq	FASTQ	DNA	17,446	2,616,900	150	150	150
tmp_1_evencoverage0.01000_Escherichia_coli_b2207.fasta_R2.fq	FASTQ	DNA	17,446	2,616,900	150	150	150
tmp_1_evencoverage0.01000_Faecalibacterium_prausnitzii.fasta_R1.fq	FASTQ	DNA	9,713	1,456,950	150	150	150
tmp_1_evencoverage0.01000_Faecalibacterium_prausnitzii.fasta_R2.fq	FASTQ	DNA	9,713	1,456,950	150	150	150
tmp_1_evencoverage0.01000_Fusobacterium_nucleatum.fasta_R1.fq	FASTQ	DNA	8,161	1,224,150	150	150	150
tmp_1_evencoverage0.01000_Fusobacterium_nucleatum.fasta_R2.fq	FASTQ	DNA	8,161	1,224,150	150	150	150
tmp_1_evencoverage0.01000_Haloarcula_hispanica.fasta_R1.fq	FASTQ	DNA	130	19,500	150	150	150
tmp_1_evencoverage0.01000_Haloarcula_hispanica.fasta_R2.fq	FASTQ	DNA	130	19,500	150	150	150
tmp_1_evencoverage0.01000_Lactobacillus_fermentum.fasta_R1.fq	FASTQ	DNA	6,351	952,650	150	150	150
tmp_1_evencoverage0.01000_Lactobacillus_fermentum.fasta_R2.fq	FASTQ	DNA	6,351	952,650	150	150	150
tmp_1_evencoverage0.01000_Methanobrevibacter_smithii.fasta_R1.fq	FASTQ	DNA	6,177	926,550	150	150	150
tmp_1_evencoverage0.01000_Methanobrevibacter_smithii.fasta_R2.fq	FASTQ	DNA	6,177	926,550	150	150	150
tmp_1_evencoverage0.01000_Prevotella_corporis.fasta_R1.fq	FASTQ	DNA	9,824	1,473,600	150	150	150
tmp_1_evencoverage0.01000_Prevotella_corporis.fasta_R2.fq	FASTQ	DNA	9,824	1,473,600	150	150	150
tmp_1_evencoverage0.01000_Roseburia_hominis.fasta_R1.fq	FASTQ	DNA	11,544	1,731,600	150	150	150
tmp_1_evencoverage0.01000_Roseburia_hominis.fasta_R2.fq	FASTQ	DNA	11,544	1,731,600	150	150	150
tmp_1_evencoverage0.01000_Saccharomyces_cerevisiae.fasta_R1.fq	FASTQ	DNA	42,811	6,421,650	150	150	150
tmp_1_evencoverage0.01000_Saccharomyces_cerevisiae.fasta_R2.fq	FASTQ	DNA	42,811	6,421,650	150	150	150
tmp_1_evencoverage0.01000_Salinibacter_ruber.fasta_R1.fq	FASTQ	DNA	120	18,000	150	150	150
tmp_1_evencoverage0.01000_Salinibacter_ruber.fasta_R2.fq	FASTQ	DNA	120	18,000	150	150	150
tmp_1_evencoverage0.01000_Salmonella_enterica.fasta_R1.fq	FASTQ	DNA	15,866	2,379,900	150	150	150
tmp_1_evencoverage0.01000_Salmonella_enterica.fasta_R2.fq	FASTQ	DNA	15,866	2,379,900	150	150	150
tmp_1_evencoverage0.01000_Trichoderma_reesei.fasta_R1.fq	FASTQ	DNA	1,108	166,200	150	150	150
tmp_1_evencoverage0.01000_Trichoderma_reesei.fasta_R2.fq	FASTQ	DNA	1,108	166,200	150	150	150
tmp_1_evencoverage0.01000_Veillonella_rogosae.fasta_R1.fq	FASTQ	DNA	7,193	1,078,950	150	150	150
tmp_1_evencoverage0.01000_Veillonella_rogosae.fasta_R2.fq	FASTQ	DNA	7,193	1,078,950	150	150	150
1_evencoverage0.01000_R1.fastq.gz	FASTQ	DNA	311,289	46,693,350	150	150	150
1_evencoverage0.01000_R2.fastq.gz	FASTQ	DNA	311,289	46,693,350	150	150	150
tmp_1_evencoverage0.10000_Akkermansia_muciniphila.fasta_R1.fq	FASTQ	DNA	9,505	1,425,750	150	150	150
tmp_1_evencoverage0.10000_Akkermansia_muciniphila.fasta_R2.fq	FASTQ	DNA	9,505	1,425,750	150	150	150
tmp_1_evencoverage0.10000_Bacteroides_fragilis.fasta_R1.fq	FASTQ	DNA	17,223	2,583,450	150	150	150
tmp_1_evencoverage0.10000_Bacteroides_fragilis.fasta_R2.fq	FASTQ	DNA	17,223	2,583,450	150	150	150
tmp_1_evencoverage0.10000_Bifidobacterium_adolescentis.fasta_R1.fq	FASTQ	DNA	6,963	1,044,450	150	150	150
tmp_1_evencoverage0.10000_Bifidobacterium_adolescentis.fasta_R2.fq	FASTQ	DNA	6,963	1,044,450	150	150	150
tmp_1_evencoverage0.10000_Candida_albican.fasta_R1.fq	FASTQ	DNA	41,073	6,160,950	150	150	150
tmp_1_evencoverage0.10000_Candida_albican.fasta_R2.fq	FASTQ	DNA	41,073	6,160,950	150	150	150
tmp_1_evencoverage0.10000_Clostridioides_difficile.fasta_R1.fq	FASTQ	DNA	14,030	2,104,500	150	150	150
tmp_1_evencoverage0.10000_Clostridioides_difficile.fasta_R2.fq	FASTQ	DNA	14,030	2,104,500	150	150	150
tmp_1_evencoverage0.10000_Clostridium_perfringens.fasta_R1.fq	FASTQ	DNA	11,453	1,717,950	150	150	150
tmp_1_evencoverage0.10000_Clostridium_perfringens.fasta_R2.fq	FASTQ	DNA	11,453	1,717,950	150	150	150
tmp_1_evencoverage0.10000_Enterococcus_faecalis.fasta_R1.fq	FASTQ	DNA	9,484	1,422,600	150	150	150
tmp_1_evencoverage0.10000_Enterococcus_faecalis.fasta_R2.fq	FASTQ	DNA	9,484	1,422,600	150	150	150
tmp_1_evencoverage0.10000_Escherichia_coli_B1109.fasta_R1.fq	FASTQ	DNA	16,251	2,437,650	150	150	150
tmp_1_evencoverage0.10000_Escherichia_coli_B1109.fasta_R2.fq	FASTQ	DNA	16,251	2,437,650	150	150	150
tmp_1_evencoverage0.10000_Escherichia_coli_B3008.fasta_R1.fq	FASTQ	DNA	15,798	2,369,700	150	150	150
tmp_1_evencoverage0.10000_Escherichia_coli_B3008.fasta_R2.fq	FASTQ	DNA	15,798	2,369,700	150	150	150
tmp_1_evencoverage0.10000_Escherichia_coli_B766.fasta_R1.fq	FASTQ	DNA	17,302	2,595,300	150	150	150
tmp_1_evencoverage0.10000_Escherichia_coli_B766.fasta_R2.fq	FASTQ	DNA	17,302	2,595,300	150	150	150
tmp_1_evencoverage0.10000_Escherichia_coli_JM109.fasta_R1.fq	FASTQ	DNA	15,763	2,364,450	150	150	150
tmp_1_evencoverage0.10000_Escherichia_coli_JM109.fasta_R2.fq	FASTQ	DNA	15,763	2,364,450	150	150	150
tmp_1_evencoverage0.10000_Escherichia_coli_b2207.fasta_R1.fq	FASTQ	DNA	17,446	2,616,900	150	150	150
tmp_1_evencoverage0.10000_Escherichia_coli_b2207.fasta_R2.fq	FASTQ	DNA	17,446	2,616,900	150	150	150
tmp_1_evencoverage0.10000_Faecalibacterium_prausnitzii.fasta_R1.fq	FASTQ	DNA	9,713	1,456,950	150	150	150
tmp_1_evencoverage0.10000_Faecalibacterium_prausnitzii.fasta_R2.fq	FASTQ	DNA	9,713	1,456,950	150	150	150
tmp_1_evencoverage0.10000_Fusobacterium_nucleatum.fasta_R1.fq	FASTQ	DNA	8,161	1,224,150	150	150	150
tmp_1_evencoverage0.10000_Fusobacterium_nucleatum.fasta_R2.fq	FASTQ	DNA	8,161	1,224,150	150	150	150
tmp_1_evencoverage0.10000_Haloarcula_hispanica.fasta_R1.fq	FASTQ	DNA	1,299	194,850	150	150	150
tmp_1_evencoverage0.10000_Haloarcula_hispanica.fasta_R2.fq	FASTQ	DNA	1,299	194,850	150	150	150
tmp_1_evencoverage0.10000_Lactobacillus_fermentum.fasta_R1.fq	FASTQ	DNA	6,351	952,650	150	150	150
tmp_1_evencoverage0.10000_Lactobacillus_fermentum.fasta_R2.fq	FASTQ	DNA	6,351	952,650	150	150	150
tmp_1_evencoverage0.10000_Methanobrevibacter_smithii.fasta_R1.fq	FASTQ	DNA	6,177	926,550	150	150	150
tmp_1_evencoverage0.10000_Methanobrevibacter_smithii.fasta_R2.fq	FASTQ	DNA	6,177	926,550	150	150	150
tmp_1_evencoverage0.10000_Prevotella_corporis.fasta_R1.fq	FASTQ	DNA	9,824	1,473,600	150	150	150
tmp_1_evencoverage0.10000_Prevotella_corporis.fasta_R2.fq	FASTQ	DNA	9,824	1,473,600	150	150	150
tmp_1_evencoverage0.10000_Roseburia_hominis.fasta_R1.fq	FASTQ	DNA	11,544	1,731,600	150	150	150
tmp_1_evencoverage0.10000_Roseburia_hominis.fasta_R2.fq	FASTQ	DNA	11,544	1,731,600	150	150	150
tmp_1_evencoverage0.10000_Saccharomyces_cerevisiae.fasta_R1.fq	FASTQ	DNA	42,811	6,421,650	150	150	150
tmp_1_evencoverage0.10000_Saccharomyces_cerevisiae.fasta_R2.fq	FASTQ	DNA	42,811	6,421,650	150	150	150
tmp_1_evencoverage0.10000_Salinibacter_ruber.fasta_R1.fq	FASTQ	DNA	1,196	179,400	150	150	150
tmp_1_evencoverage0.10000_Salinibacter_ruber.fasta_R2.fq	FASTQ	DNA	1,196	179,400	150	150	150
tmp_1_evencoverage0.10000_Salmonella_enterica.fasta_R1.fq	FASTQ	DNA	15,866	2,379,900	150	150	150
tmp_1_evencoverage0.10000_Salmonella_enterica.fasta_R2.fq	FASTQ	DNA	15,866	2,379,900	150	150	150
tmp_1_evencoverage0.10000_Trichoderma_reesei.fasta_R1.fq	FASTQ	DNA	11,102	1,665,300	150	150	150
tmp_1_evencoverage0.10000_Trichoderma_reesei.fasta_R2.fq	FASTQ	DNA	11,102	1,665,300	150	150	150
tmp_1_evencoverage0.10000_Veillonella_rogosae.fasta_R1.fq	FASTQ	DNA	7,193	1,078,950	150	150	150
tmp_1_evencoverage0.10000_Veillonella_rogosae.fasta_R2.fq	FASTQ	DNA	7,193	1,078,950	150	150	150
1_evencoverage0.10000_R1.fastq.gz	FASTQ	DNA	323,528	48,529,200	150	150	150
1_evencoverage0.10000_R2.fastq.gz	FASTQ	DNA	323,528	48,529,200	150	150	150
tmp_1_evencoverage0.50000_Akkermansia_muciniphila.fasta_R1.fq	FASTQ	DNA	9,505	1,425,750	150	150	150
tmp_1_evencoverage0.50000_Akkermansia_muciniphila.fasta_R2.fq	FASTQ	DNA	9,505	1,425,750	150	150	150
tmp_1_evencoverage0.50000_Bacteroides_fragilis.fasta_R1.fq	FASTQ	DNA	17,223	2,583,450	150	150	150
tmp_1_evencoverage0.50000_Bacteroides_fragilis.fasta_R2.fq	FASTQ	DNA	17,223	2,583,450	150	150	150
tmp_1_evencoverage0.50000_Bifidobacterium_adolescentis.fasta_R1.fq	FASTQ	DNA	6,963	1,044,450	150	150	150
tmp_1_evencoverage0.50000_Bifidobacterium_adolescentis.fasta_R2.fq	FASTQ	DNA	6,963	1,044,450	150	150	150
tmp_1_evencoverage0.50000_Candida_albican.fasta_R1.fq	FASTQ	DNA	41,073	6,160,950	150	150	150
tmp_1_evencoverage0.50000_Candida_albican.fasta_R2.fq	FASTQ	DNA	41,073	6,160,950	150	150	150
tmp_1_evencoverage0.50000_Clostridioides_difficile.fasta_R1.fq	FASTQ	DNA	14,030	2,104,500	150	150	150
tmp_1_evencoverage0.50000_Clostridioides_difficile.fasta_R2.fq	FASTQ	DNA	14,030	2,104,500	150	150	150
tmp_1_evencoverage0.50000_Clostridium_perfringens.fasta_R1.fq	FASTQ	DNA	11,453	1,717,950	150	150	150
tmp_1_evencoverage0.50000_Clostridium_perfringens.fasta_R2.fq	FASTQ	DNA	11,453	1,717,950	150	150	150
tmp_1_evencoverage0.50000_Enterococcus_faecalis.fasta_R1.fq	FASTQ	DNA	9,484	1,422,600	150	150	150
tmp_1_evencoverage0.50000_Enterococcus_faecalis.fasta_R2.fq	FASTQ	DNA	9,484	1,422,600	150	150	150
tmp_1_evencoverage0.50000_Escherichia_coli_B1109.fasta_R1.fq	FASTQ	DNA	16,251	2,437,650	150	150	150
tmp_1_evencoverage0.50000_Escherichia_coli_B1109.fasta_R2.fq	FASTQ	DNA	16,251	2,437,650	150	150	150
tmp_1_evencoverage0.50000_Escherichia_coli_B3008.fasta_R1.fq	FASTQ	DNA	15,798	2,369,700	150	150	150
tmp_1_evencoverage0.50000_Escherichia_coli_B3008.fasta_R2.fq	FASTQ	DNA	15,798	2,369,700	150	150	150
tmp_1_evencoverage0.50000_Escherichia_coli_B766.fasta_R1.fq	FASTQ	DNA	17,302	2,595,300	150	150	150
tmp_1_evencoverage0.50000_Escherichia_coli_B766.fasta_R2.fq	FASTQ	DNA	17,302	2,595,300	150	150	150
tmp_1_evencoverage0.50000_Escherichia_coli_JM109.fasta_R1.fq	FASTQ	DNA	15,763	2,364,450	150	150	150
tmp_1_evencoverage0.50000_Escherichia_coli_JM109.fasta_R2.fq	FASTQ	DNA	15,763	2,364,450	150	150	150
tmp_1_evencoverage0.50000_Escherichia_coli_b2207.fasta_R1.fq	FASTQ	DNA	17,446	2,616,900	150	150	150
tmp_1_evencoverage0.50000_Escherichia_coli_b2207.fasta_R2.fq	FASTQ	DNA	17,446	2,616,900	150	150	150
tmp_1_evencoverage0.50000_Faecalibacterium_prausnitzii.fasta_R1.fq	FASTQ	DNA	9,713	1,456,950	150	150	150
tmp_1_evencoverage0.50000_Faecalibacterium_prausnitzii.fasta_R2.fq	FASTQ	DNA	9,713	1,456,950	150	150	150
tmp_1_evencoverage0.50000_Fusobacterium_nucleatum.fasta_R1.fq	FASTQ	DNA	8,161	1,224,150	150	150	150
tmp_1_evencoverage0.50000_Fusobacterium_nucleatum.fasta_R2.fq	FASTQ	DNA	8,161	1,224,150	150	150	150
tmp_1_evencoverage0.50000_Haloarcula_hispanica.fasta_R1.fq	FASTQ	DNA	6,495	974,250	150	150	150
tmp_1_evencoverage0.50000_Haloarcula_hispanica.fasta_R2.fq	FASTQ	DNA	6,495	974,250	150	150	150
tmp_1_evencoverage0.50000_Lactobacillus_fermentum.fasta_R1.fq	FASTQ	DNA	6,351	952,650	150	150	150
tmp_1_evencoverage0.50000_Lactobacillus_fermentum.fasta_R2.fq	FASTQ	DNA	6,351	952,650	150	150	150
tmp_1_evencoverage0.50000_Methanobrevibacter_smithii.fasta_R1.fq	FASTQ	DNA	6,177	926,550	150	150	150
tmp_1_evencoverage0.50000_Methanobrevibacter_smithii.fasta_R2.fq	FASTQ	DNA	6,177	926,550	150	150	150
tmp_1_evencoverage0.50000_Prevotella_corporis.fasta_R1.fq	FASTQ	DNA	9,824	1,473,600	150	150	150
tmp_1_evencoverage0.50000_Prevotella_corporis.fasta_R2.fq	FASTQ	DNA	9,824	1,473,600	150	150	150
tmp_1_evencoverage0.50000_Roseburia_hominis.fasta_R1.fq	FASTQ	DNA	11,544	1,731,600	150	150	150
tmp_1_evencoverage0.50000_Roseburia_hominis.fasta_R2.fq	FASTQ	DNA	11,544	1,731,600	150	150	150
tmp_1_evencoverage0.50000_Saccharomyces_cerevisiae.fasta_R1.fq	FASTQ	DNA	42,811	6,421,650	150	150	150
tmp_1_evencoverage0.50000_Saccharomyces_cerevisiae.fasta_R2.fq	FASTQ	DNA	42,811	6,421,650	150	150	150
tmp_1_evencoverage0.50000_Salinibacter_ruber.fasta_R1.fq	FASTQ	DNA	5,979	896,850	150	150	150
tmp_1_evencoverage0.50000_Salinibacter_ruber.fasta_R2.fq	FASTQ	DNA	5,979	896,850	150	150	150
tmp_1_evencoverage0.50000_Salmonella_enterica.fasta_R1.fq	FASTQ	DNA	15,866	2,379,900	150	150	150
tmp_1_evencoverage0.50000_Salmonella_enterica.fasta_R2.fq	FASTQ	DNA	15,866	2,379,900	150	150	150
tmp_1_evencoverage0.50000_Trichoderma_reesei.fasta_R1.fq	FASTQ	DNA	55,533	8,329,950	150	150	150
tmp_1_evencoverage0.50000_Trichoderma_reesei.fasta_R2.fq	FASTQ	DNA	55,533	8,329,950	150	150	150
tmp_1_evencoverage0.50000_Veillonella_rogosae.fasta_R1.fq	FASTQ	DNA	7,193	1,078,950	150	150	150
tmp_1_evencoverage0.50000_Veillonella_rogosae.fasta_R2.fq	FASTQ	DNA	7,193	1,078,950	150	150	150
1_evencoverage0.50000_R1.fastq.gz	FASTQ	DNA	377,938	56,690,700	150	150	150
1_evencoverage0.50000_R2.fastq.gz	FASTQ	DNA	377,938	56,690,700	150	150	150
tmp_1_evencoverage1.00000_Akkermansia_muciniphila.fasta_R1.fq	FASTQ	DNA	9,505	1,425,750	150	150	150
tmp_1_evencoverage1.00000_Akkermansia_muciniphila.fasta_R2.fq	FASTQ	DNA	9,505	1,425,750	150	150	150
tmp_1_evencoverage1.00000_Bacteroides_fragilis.fasta_R1.fq	FASTQ	DNA	17,223	2,583,450	150	150	150
tmp_1_evencoverage1.00000_Bacteroides_fragilis.fasta_R2.fq	FASTQ	DNA	17,223	2,583,450	150	150	150
tmp_1_evencoverage1.00000_Bifidobacterium_adolescentis.fasta_R1.fq	FASTQ	DNA	6,963	1,044,450	150	150	150
tmp_1_evencoverage1.00000_Bifidobacterium_adolescentis.fasta_R2.fq	FASTQ	DNA	6,963	1,044,450	150	150	150
tmp_1_evencoverage1.00000_Candida_albican.fasta_R1.fq	FASTQ	DNA	41,073	6,160,950	150	150	150
tmp_1_evencoverage1.00000_Candida_albican.fasta_R2.fq	FASTQ	DNA	41,073	6,160,950	150	150	150
tmp_1_evencoverage1.00000_Clostridioides_difficile.fasta_R1.fq	FASTQ	DNA	14,030	2,104,500	150	150	150
tmp_1_evencoverage1.00000_Clostridioides_difficile.fasta_R2.fq	FASTQ	DNA	14,030	2,104,500	150	150	150
tmp_1_evencoverage1.00000_Clostridium_perfringens.fasta_R1.fq	FASTQ	DNA	11,453	1,717,950	150	150	150
tmp_1_evencoverage1.00000_Clostridium_perfringens.fasta_R2.fq	FASTQ	DNA	11,453	1,717,950	150	150	150
tmp_1_evencoverage1.00000_Enterococcus_faecalis.fasta_R1.fq	FASTQ	DNA	9,484	1,422,600	150	150	150
tmp_1_evencoverage1.00000_Enterococcus_faecalis.fasta_R2.fq	FASTQ	DNA	9,484	1,422,600	150	150	150
tmp_1_evencoverage1.00000_Escherichia_coli_B1109.fasta_R1.fq	FASTQ	DNA	16,251	2,437,650	150	150	150
tmp_1_evencoverage1.00000_Escherichia_coli_B1109.fasta_R2.fq	FASTQ	DNA	16,251	2,437,650	150	150	150
tmp_1_evencoverage1.00000_Escherichia_coli_B3008.fasta_R1.fq	FASTQ	DNA	15,798	2,369,700	150	150	150
tmp_1_evencoverage1.00000_Escherichia_coli_B3008.fasta_R2.fq	FASTQ	DNA	15,798	2,369,700	150	150	150
tmp_1_evencoverage1.00000_Escherichia_coli_B766.fasta_R1.fq	FASTQ	DNA	17,302	2,595,300	150	150	150
tmp_1_evencoverage1.00000_Escherichia_coli_B766.fasta_R2.fq	FASTQ	DNA	17,302	2,595,300	150	150	150
tmp_1_evencoverage1.00000_Escherichia_coli_JM109.fasta_R1.fq	FASTQ	DNA	15,763	2,364,450	150	150	150
tmp_1_evencoverage1.00000_Escherichia_coli_JM109.fasta_R2.fq	FASTQ	DNA	15,763	2,364,450	150	150	150
tmp_1_evencoverage1.00000_Escherichia_coli_b2207.fasta_R1.fq	FASTQ	DNA	17,446	2,616,900	150	150	150
tmp_1_evencoverage1.00000_Escherichia_coli_b2207.fasta_R2.fq	FASTQ	DNA	17,446	2,616,900	150	150	150
tmp_1_evencoverage1.00000_Faecalibacterium_prausnitzii.fasta_R1.fq	FASTQ	DNA	9,713	1,456,950	150	150	150
tmp_1_evencoverage1.00000_Faecalibacterium_prausnitzii.fasta_R2.fq	FASTQ	DNA	9,713	1,456,950	150	150	150
tmp_1_evencoverage1.00000_Fusobacterium_nucleatum.fasta_R1.fq	FASTQ	DNA	8,161	1,224,150	150	150	150
tmp_1_evencoverage1.00000_Fusobacterium_nucleatum.fasta_R2.fq	FASTQ	DNA	8,161	1,224,150	150	150	150
tmp_1_evencoverage1.00000_Haloarcula_hispanica.fasta_R1.fq	FASTQ	DNA	12,990	1,948,500	150	150	150
tmp_1_evencoverage1.00000_Haloarcula_hispanica.fasta_R2.fq	FASTQ	DNA	12,990	1,948,500	150	150	150
tmp_1_evencoverage1.00000_Lactobacillus_fermentum.fasta_R1.fq	FASTQ	DNA	6,351	952,650	150	150	150
tmp_1_evencoverage1.00000_Lactobacillus_fermentum.fasta_R2.fq	FASTQ	DNA	6,351	952,650	150	150	150
tmp_1_evencoverage1.00000_Methanobrevibacter_smithii.fasta_R1.fq	FASTQ	DNA	6,177	926,550	150	150	150
tmp_1_evencoverage1.00000_Methanobrevibacter_smithii.fasta_R2.fq	FASTQ	DNA	6,177	926,550	150	150	150
tmp_1_evencoverage1.00000_Prevotella_corporis.fasta_R1.fq	FASTQ	DNA	9,824	1,473,600	150	150	150
tmp_1_evencoverage1.00000_Prevotella_corporis.fasta_R2.fq	FASTQ	DNA	9,824	1,473,600	150	150	150
tmp_1_evencoverage1.00000_Roseburia_hominis.fasta_R1.fq	FASTQ	DNA	11,544	1,731,600	150	150	150
tmp_1_evencoverage1.00000_Roseburia_hominis.fasta_R2.fq	FASTQ	DNA	11,544	1,731,600	150	150	150
tmp_1_evencoverage1.00000_Saccharomyces_cerevisiae.fasta_R1.fq	FASTQ	DNA	42,811	6,421,650	150	150	150
tmp_1_evencoverage1.00000_Saccharomyces_cerevisiae.fasta_R2.fq	FASTQ	DNA	42,811	6,421,650	150	150	150
tmp_1_evencoverage1.00000_Salinibacter_ruber.fasta_R1.fq	FASTQ	DNA	11,958	1,793,700	150	150	150
tmp_1_evencoverage1.00000_Salinibacter_ruber.fasta_R2.fq	FASTQ	DNA	11,958	1,793,700	150	150	150
tmp_1_evencoverage1.00000_Salmonella_enterica.fasta_R1.fq	FASTQ	DNA	15,866	2,379,900	150	150	150
tmp_1_evencoverage1.00000_Salmonella_enterica.fasta_R2.fq	FASTQ	DNA	15,866	2,379,900	150	150	150
tmp_1_evencoverage1.00000_Trichoderma_reesei.fasta_R1.fq	FASTQ	DNA	111,066	16,659,900	150	150	150
tmp_1_evencoverage1.00000_Trichoderma_reesei.fasta_R2.fq	FASTQ	DNA	111,066	16,659,900	150	150	150
tmp_1_evencoverage1.00000_Veillonella_rogosae.fasta_R1.fq	FASTQ	DNA	7,193	1,078,950	150	150	150
tmp_1_evencoverage1.00000_Veillonella_rogosae.fasta_R2.fq	FASTQ	DNA	7,193	1,078,950	150	150	150
1_evencoverage1.00000_R1.fastq.gz	FASTQ	DNA	445,945	66,891,750	150	150	150
1_evencoverage1.00000_R2.fastq.gz	FASTQ	DNA	445,945	66,891,750	150	150	150
tmp_1_evencoverage5.00000_Akkermansia_muciniphila.fasta_R1.fq	FASTQ	DNA	9,505	1,425,750	150	150	150
tmp_1_evencoverage5.00000_Akkermansia_muciniphila.fasta_R2.fq	FASTQ	DNA	9,505	1,425,750	150	150	150
tmp_1_evencoverage5.00000_Bacteroides_fragilis.fasta_R1.fq	FASTQ	DNA	17,223	2,583,450	150	150	150
tmp_1_evencoverage5.00000_Bacteroides_fragilis.fasta_R2.fq	FASTQ	DNA	17,223	2,583,450	150	150	150
tmp_1_evencoverage5.00000_Bifidobacterium_adolescentis.fasta_R1.fq	FASTQ	DNA	6,963	1,044,450	150	150	150
tmp_1_evencoverage5.00000_Bifidobacterium_adolescentis.fasta_R2.fq	FASTQ	DNA	6,963	1,044,450	150	150	150
tmp_1_evencoverage5.00000_Candida_albican.fasta_R1.fq	FASTQ	DNA	41,073	6,160,950	150	150	150
tmp_1_evencoverage5.00000_Candida_albican.fasta_R2.fq	FASTQ	DNA	41,073	6,160,950	150	150	150
tmp_1_evencoverage5.00000_Clostridioides_difficile.fasta_R1.fq	FASTQ	DNA	14,030	2,104,500	150	150	150
tmp_1_evencoverage5.00000_Clostridioides_difficile.fasta_R2.fq	FASTQ	DNA	14,030	2,104,500	150	150	150
tmp_1_evencoverage5.00000_Clostridium_perfringens.fasta_R1.fq	FASTQ	DNA	11,453	1,717,950	150	150	150
tmp_1_evencoverage5.00000_Clostridium_perfringens.fasta_R2.fq	FASTQ	DNA	11,453	1,717,950	150	150	150
tmp_1_evencoverage5.00000_Enterococcus_faecalis.fasta_R1.fq	FASTQ	DNA	9,484	1,422,600	150	150	150
tmp_1_evencoverage5.00000_Enterococcus_faecalis.fasta_R2.fq	FASTQ	DNA	9,484	1,422,600	150	150	150
tmp_1_evencoverage5.00000_Escherichia_coli_B1109.fasta_R1.fq	FASTQ	DNA	16,251	2,437,650	150	150	150
tmp_1_evencoverage5.00000_Escherichia_coli_B1109.fasta_R2.fq	FASTQ	DNA	16,251	2,437,650	150	150	150
tmp_1_evencoverage5.00000_Escherichia_coli_B3008.fasta_R1.fq	FASTQ	DNA	15,798	2,369,700	150	150	150
tmp_1_evencoverage5.00000_Escherichia_coli_B3008.fasta_R2.fq	FASTQ	DNA	15,798	2,369,700	150	150	150
tmp_1_evencoverage5.00000_Escherichia_coli_B766.fasta_R1.fq	FASTQ	DNA	17,302	2,595,300	150	150	150
tmp_1_evencoverage5.00000_Escherichia_coli_B766.fasta_R2.fq	FASTQ	DNA	17,302	2,595,300	150	150	150
tmp_1_evencoverage5.00000_Escherichia_coli_JM109.fasta_R1.fq	FASTQ	DNA	15,763	2,364,450	150	150	150
tmp_1_evencoverage5.00000_Escherichia_coli_JM109.fasta_R2.fq	FASTQ	DNA	15,763	2,364,450	150	150	150
tmp_1_evencoverage5.00000_Escherichia_coli_b2207.fasta_R1.fq	FASTQ	DNA	17,446	2,616,900	150	150	150
tmp_1_evencoverage5.00000_Escherichia_coli_b2207.fasta_R2.fq	FASTQ	DNA	17,446	2,616,900	150	150	150
tmp_1_evencoverage5.00000_Faecalibacterium_prausnitzii.fasta_R1.fq	FASTQ	DNA	9,713	1,456,950	150	150	150
tmp_1_evencoverage5.00000_Faecalibacterium_prausnitzii.fasta_R2.fq	FASTQ	DNA	9,713	1,456,950	150	150	150
tmp_1_evencoverage5.00000_Fusobacterium_nucleatum.fasta_R1.fq	FASTQ	DNA	8,161	1,224,150	150	150	150
tmp_1_evencoverage5.00000_Fusobacterium_nucleatum.fasta_R2.fq	FASTQ	DNA	8,161	1,224,150	150	150	150
tmp_1_evencoverage5.00000_Haloarcula_hispanica.fasta_R1.fq	FASTQ	DNA	64,948	9,742,200	150	150	150
tmp_1_evencoverage5.00000_Haloarcula_hispanica.fasta_R2.fq	FASTQ	DNA	64,948	9,742,200	150	150	150
tmp_1_evencoverage5.00000_Lactobacillus_fermentum.fasta_R1.fq	FASTQ	DNA	6,351	952,650	150	150	150
tmp_1_evencoverage5.00000_Lactobacillus_fermentum.fasta_R2.fq	FASTQ	DNA	6,351	952,650	150	150	150
tmp_1_evencoverage5.00000_Methanobrevibacter_smithii.fasta_R1.fq	FASTQ	DNA	6,177	926,550	150	150	150
tmp_1_evencoverage5.00000_Methanobrevibacter_smithii.fasta_R2.fq	FASTQ	DNA	6,177	926,550	150	150	150
tmp_1_evencoverage5.00000_Prevotella_corporis.fasta_R1.fq	FASTQ	DNA	9,824	1,473,600	150	150	150
tmp_1_evencoverage5.00000_Prevotella_corporis.fasta_R2.fq	FASTQ	DNA	9,824	1,473,600	150	150	150
tmp_1_evencoverage5.00000_Roseburia_hominis.fasta_R1.fq	FASTQ	DNA	11,544	1,731,600	150	150	150
tmp_1_evencoverage5.00000_Roseburia_hominis.fasta_R2.fq	FASTQ	DNA	11,544	1,731,600	150	150	150
tmp_1_evencoverage5.00000_Saccharomyces_cerevisiae.fasta_R1.fq	FASTQ	DNA	42,811	6,421,650	150	150	150
tmp_1_evencoverage5.00000_Saccharomyces_cerevisiae.fasta_R2.fq	FASTQ	DNA	42,811	6,421,650	150	150	150
tmp_1_evencoverage5.00000_Salinibacter_ruber.fasta_R1.fq	FASTQ	DNA	59,788	8,968,200	150	150	150
tmp_1_evencoverage5.00000_Salinibacter_ruber.fasta_R2.fq	FASTQ	DNA	59,788	8,968,200	150	150	150
tmp_1_evencoverage5.00000_Salmonella_enterica.fasta_R1.fq	FASTQ	DNA	15,866	2,379,900	150	150	150
tmp_1_evencoverage5.00000_Salmonella_enterica.fasta_R2.fq	FASTQ	DNA	15,866	2,379,900	150	150	150
tmp_1_evencoverage5.00000_Trichoderma_reesei.fasta_R1.fq	FASTQ	DNA	555,303	83,295,450	150	150	150
tmp_1_evencoverage5.00000_Trichoderma_reesei.fasta_R2.fq	FASTQ	DNA	555,303	83,295,450	150	150	150
tmp_1_evencoverage5.00000_Veillonella_rogosae.fasta_R1.fq	FASTQ	DNA	7,193	1,078,950	150	150	150
tmp_1_evencoverage5.00000_Veillonella_rogosae.fasta_R2.fq	FASTQ	DNA	7,193	1,078,950	150	150	150
1_evencoverage5.00000_R1.fastq.gz	FASTQ	DNA	989,970	148,495,500	150	150	150
1_evencoverage5.00000_R2.fastq.gz	FASTQ	DNA	989,970	148,495,500	150	150	150
